[
    {
        "HospitalKey": "1",
        "HospitalId": 151,
        "HospitalName": "Hospital São Gonçalo - Amarante (Centro Hospitalar Tâmega e Sousa, EPE)",
        "Description": "Centro Hospitalar Tâmega e Sousa, EPE",
        "Address": "Rua da Lama, nº 76 4600-758 Amarante",
        "District": "Porto",
        "Latitude": 41.270974,
        "Longitude": -8.080458,
        "NUTSI": "Continente",
        "NUTSII": "Norte",
        "NUTSIII": "Tâmega e Sousa",
        "PhoneNum": "255410500",
        "Email": "administracao@chts.min-saude.pt"
    },
    {
        "HospitalKey": "2",
        "HospitalId": 541,
        "HospitalName": "Centro de Saúde Castro Verde (SUB - Unidade Local de Saúde do Baixo Alentejo, EPE)",
        "Description": "Unidade Local de Saúde do Baixo Alentejo, EPE",
        "Address": "Av. General Humberto Delgado, Apartado 17 7780-123 Castro Verde",
        "District": "Beja",
        "Latitude": 37.701522,
        "Longitude": -8.085975,
        "NUTSI": "Continente",
        "NUTSII": "Alentejo",
        "NUTSIII": "Baixo Alentejo",
        "PhoneNum": "286320140",
        "Email": "cscastro@ulsba.min-saude.pt"
    },
    {
        "HospitalKey": "3",
        "HospitalId": 222,
        "HospitalName": "Hospital Distrital do Montijo (Centro Hospitalar Barreiro Montijo, EPE)",
        "Description": "Centro Hospitalar Barreiro Montijo, EPE",
        "Address": "Rua Machado dos Santos, 54 2870-351 Montijo",
        "District": "Setúbal",
        "Latitude": 38.679925,
        "Longitude": -8.969652,
        "NUTSI": "Continente",
        "NUTSII": "Alentejo",
        "NUTSIII": "Alentejo Litoral",
        "PhoneNum": "212147300",
        "Email": "admin@chbm.min-saude.pt"
    },
    {
        "HospitalKey": "4",
        "HospitalId": 213,
        "HospitalName": "Hospital Nossa Senhora do Rosário (Centro Hospitalar Barreiro Montijo, EPE)",
        "Description": "Centro Hospitalar Barreiro Montijo, EPE",
        "Address": "Av. Movimento das Forças Armadas 2834-003 Barreiro",
        "District": "Setúbal",
        "Latitude": 38.656545,
        "Longitude": -9.059571,
        "NUTSI": "Continente",
        "NUTSII": "Alentejo",
        "NUTSIII": "Alentejo Litoral",
        "PhoneNum": "212147300",
        "Email": "admin@chbm.min-saude.pt"
    },
    {
        "HospitalKey": "5",
        "HospitalId": 141,
        "HospitalName": "Hospital de Santo Tirso (Centro Hospitalar do Médio Ave, EPE)",
        "Description": "Centro Hospitalar do Médio Ave, EPE",
        "Address": "Largo Domingos Moreira 4780-371 Santo Tirso",
        "District": "Porto",
        "Latitude": 41.342344,
        "Longitude": -8.48007,
        "NUTSI": "Continente",
        "NUTSII": "Norte",
        "NUTSIII": "Tâmega e Sousa",
        "PhoneNum": "252830707",
        "Email": "administracao@chma.min-saude.pt"
    },
    {
        "HospitalKey": "6",
        "HospitalId": 205,
        "HospitalName": "Hospital Rainha Santa Isabel - Torres Novas (Centro Hospitalar Médio Tejo, EPE)",
        "Description": "Centro Hospitalar Médio Tejo, EPE",
        "Address": "Av. Xanana Gusmão - Ap. 45 2350-754 Torres Novas",
        "District": "Santarém",
        "Latitude": 39.52267,
        "Longitude": -8.550128,
        "NUTSI": "Continente",
        "NUTSII": "Oeste e Vale do Tejo",
        "NUTSIII": "Médio Tejo",
        "PhoneNum": "249810100",
        "Email": "geral@chmt.min-saude.pt"
    },
    {
        "HospitalKey": "7",
        "HospitalId": 145,
        "HospitalName": "Hospital São Pedro de Vila Real (Centro Hospitalar de Trás-os-Montes e Alto Douro, EPE)",
        "Description": "Centro Hospitalar de Trás-os-Montes e Alto Douro, EPE",
        "Address": "Avenida da Noruega 5000-508 Vila Real",
        "District": "Vila Real",
        "Latitude": 41.308716457,
        "Longitude": -7.758708,
        "NUTSI": "Continente",
        "NUTSII": "Norte",
        "NUTSIII": "Douro",
        "PhoneNum": "259300500",
        "Email": "geral@chtmad.min-saude.pt"
    },
    {
        "HospitalKey": "8",
        "HospitalId": 318,
        "HospitalName": "Centro de Saúde de Montalegre",
        "Description": "",
        "Address": "Rua Lama do Moinho, n.º 400 5470-225 Montalegre",
        "District": "Vila Real",
        "Latitude": 41.771901,
        "Longitude": -7.828637,
        "NUTSI": "Continente",
        "NUTSII": "Norte",
        "NUTSIII": "Douro",
        "PhoneNum": "276510160",
        "Email": "csmontalegre@srsvreal.min-saude.pt"
    },
    {
        "HospitalKey": "9",
        "HospitalId": 211,
        "HospitalName": "Hospital São José (Centro Hospitalar Lisboa Central, EPE)",
        "Description": "Centro Hospitalar Lisboa Central",
        "Address": "Rua José António Serrano 1150-199 Lisboa",
        "District": "Lisboa",
        "Latitude": 38.716817,
        "Longitude": -9.1367603,
        "NUTSI": "Continente",
        "NUTSII": "Oeste e Vale do Tejo",
        "NUTSIII": "Oeste",
        "PhoneNum": "218841000",
        "Email": "sec.ca@chlc.min-saude.pt"
    },
    {
        "HospitalKey": "10",
        "HospitalId": 184,
        "HospitalName": "Hospital São Miguel - Oliveira de Azeméis (Centro Hospitalar Entre o Douro e Vouga, EPE)",
        "Description": "Centro Hospitalar de Entre Douro e Vouga, EPE",
        "Address": "Largo Rizzo Terra 3720-275 Oliveira de Azeméis",
        "District": "Aveiro",
        "Latitude": 40.84175234,
        "Longitude": -8.472025394,
        "NUTSI": "Continente",
        "NUTSII": "Centro",
        "NUTSIII": "Região de Aveiro",
        "PhoneNum": "256379700",
        "Email": "geral@chedv.min-saude.pt"
    },
    {
        "HospitalKey": "11",
        "HospitalId": 169,
        "HospitalName": "Maternidade Bissaya Barreto (Centro Hospitalar e Universitário de Coimbra, EPE)",
        "Description": "Centro Hospitalar e Universitário de Coimbra, EPE",
        "Address": "Rua Augusta 3000-061  Coimbra",
        "District": "Coimbra",
        "Latitude": 40.212729,
        "Longitude": -8.414404,
        "NUTSI": "Continente",
        "NUTSII": "Centro",
        "NUTSIII": "Região de Coimbra",
        "PhoneNum": "239480400",
        "Email": "adm.mbb@chc.min-saude.pt"
    },
    {
        "HospitalKey": "12",
        "HospitalId": 168,
        "HospitalName": "Hospital Pediátrico de Coimbra (Centro Hospitalar e Universitário de Coimbra, EPE)",
        "Description": "Centro Hospitalar e Universitário de Coimbra, EPE",
        "Address": "Av. Afonso Romão 3000-602 Coimbra",
        "District": "Coimbra",
        "Latitude": 40.224481,
        "Longitude": -8.413439,
        "NUTSI": "Continente",
        "NUTSII": "Centro",
        "NUTSIII": "Região de Coimbra",
        "PhoneNum": "239488700",
        "Email": "correio@hpc.chc.min-saude.pt"
    },
    {
        "HospitalKey": "13",
        "HospitalId": 219,
        "HospitalName": "Hospital Distrital de Santarém, EPE",
        "Description": "",
        "Address": "Av. Bernardo Santareno - Apartado 115 2005-177 Santarém",
        "District": "Santarém",
        "Latitude": 39.262611,
        "Longitude": -8.726093,
        "NUTSI": "Continente",
        "NUTSII": "Oeste e Vale do Tejo",
        "NUTSIII": "Médio Tejo",
        "PhoneNum": "243300200",
        "Email": "hdsca@hds.min-saude.pt"
    },
    {
        "HospitalKey": "14",
        "HospitalId": 6578,
        "HospitalName": "Hospital Pedro Hispano (Unidade Local de Saúde de Matosinhos, EPE)",
        "Description": "Unidade Local de Saúde de Matosinhos, EPE",
        "Address": "Rua Dr. Eduardo Torres 4454-509 Matosinhos",
        "District": "Porto",
        "Latitude": 41.181732,
        "Longitude": -8.658875,
        "NUTSI": "Continente",
        "NUTSII": "Norte",
        "NUTSIII": "Tâmega e Sousa",
        "PhoneNum": "229391000",
        "Email": "ca@ulsm.min-saude.pt"
    },
    {
        "HospitalKey": "15",
        "HospitalId": 177,
        "HospitalName": "Hospital São Pedro Gonçalves Telmo - Peniche (Centro Hospitalar do Oeste)",
        "Description": "Centro Hospitalar do Oeste",
        "Address": "Rua General Humberto Delgado 2520-447 Peniche",
        "District": "Leiria",
        "Latitude": 39.36351068,
        "Longitude": -9.38276622,
        "NUTSI": "Continente",
        "NUTSII": "Oeste e Vale do Tejo",
        "NUTSIII": "Oeste",
        "PhoneNum": "262780900",
        "Email": "geral@hpeniche.min-saude.pt"
    },
    {
        "HospitalKey": "16",
        "HospitalId": 191,
        "HospitalName": "Hospital Nossa Senhora da Assunção - Seia (Unidade Local de Saúde da Guarda, EPE)",
        "Description": "Unidade Local de Saúde da Guarda, EPE",
        "Address": "Rua Alexandrina Soares Albergaria 6270-49 Seia",
        "District": "Guarda",
        "Latitude": 40.42085,
        "Longitude": -7.697422,
        "NUTSI": "Continente",
        "NUTSII": "Centro",
        "NUTSIII": "Viseu Dão Lafões",
        "PhoneNum": "238320700",
        "Email": "secretariado.ca@ulsguarda.min-saude.pt"
    },
    {
        "HospitalKey": "17",
        "HospitalId": 344,
        "HospitalName": "Centro de Saúde de Arouca",
        "Description": "",
        "Address": "Rua Dr. Ângelo Miranda 4540-140 Arouca",
        "District": "Aveiro",
        "Latitude": 40.925867,
        "Longitude": -8.243175,
        "NUTSI": "Continente",
        "NUTSII": "Centro",
        "NUTSIII": "Região de Aveiro",
        "PhoneNum": "256940330",
        "Email": "csarouca@csarouca.min-saude.pt"
    },
    {
        "HospitalKey": "18",
        "HospitalId": 146,
        "HospitalName": "Hospital São João (Centro Hospitalar de São João, EPE)",
        "Description": "Centro Hospitalar de São João, EPE",
        "Address": "Alameda Professor Hernâni Monteiro 4200-319 P Porto",
        "District": "Porto",
        "Latitude": 41.182126,
        "Longitude": -8.600733,
        "NUTSI": "Continente",
        "NUTSII": "Norte",
        "NUTSIII": "Tâmega e Sousa",
        "PhoneNum": "225512100",
        "Email": "geral@chsj.min-saude.pt"
    },
    {
        "HospitalKey": "19",
        "HospitalId": 333,
        "HospitalName": "Centro de Saúde Monção (SUB - Unidade Local de Saúde do Alto Minho, EPE)",
        "Description": "Unidade Local de Saúde do Alto Minho, EPE",
        "Address": "Lugar de Barreiras - Mazedo 4950-404 Monção",
        "District": "Viana do Castelo",
        "Latitude": 42.031588,
        "Longitude": -8.549406,
        "NUTSI": "Continente",
        "NUTSII": "Norte",
        "NUTSIII": "Alto Minho",
        "PhoneNum": "251653926",
        "Email": "csmoncao@csmoncao.min-saude.pt"
    },
    {
        "HospitalKey": "20",
        "HospitalId": 208,
        "HospitalName": "Hospital Dona Estefânia (Centro Hospitalar Lisboa Central, EPE)",
        "Description": "Centro Hospitalar Lisboa Central",
        "Address": "Rua Jacinta Marto 1169-045 Lisboa",
        "District": "Lisboa",
        "Latitude": 38.727517,
        "Longitude": -9.138393,
        "NUTSI": "Continente",
        "NUTSII": "Oeste e Vale do Tejo",
        "NUTSIII": "Oeste",
        "PhoneNum": "213126600",
        "Email": "sec.adm.hde@chlc.min-saude.pt"
    },
    {
        "HospitalKey": "21",
        "HospitalId": 135,
        "HospitalName": "Hospital Distrital de Bragança (Unidade Local de Saúde do Nordeste, EPE)",
        "Description": "Unidade Local de Saúde do Nordeste, EPE",
        "Address": "Av. Abade Baçal 5301-852 B Bragança",
        "District": "Bragança",
        "Latitude": 41.802904,
        "Longitude": -6.773279,
        "NUTSI": "Continente",
        "NUTSII": "Norte",
        "NUTSIII": "Terras de Trás-os-Montes",
        "PhoneNum": "273310800",
        "Email": "secretariado@ulsne.min-saude.pt"
    },
    {
        "HospitalKey": "22",
        "HospitalId": 137,
        "HospitalName": "Hospital Distrital de Mirandela (Unidade Local de Saúde do Nordeste, EPE)",
        "Description": "Unidade Local de Saúde do Nordeste, EPE",
        "Address": "Av. Nossa Senhora do Amparo 5370-210 Mirandela",
        "District": "Bragança",
        "Latitude": 41.485725,
        "Longitude": -7.189462,
        "NUTSI": "Continente",
        "NUTSII": "Norte",
        "NUTSIII": "Terras de Trás-os-Montes",
        "PhoneNum": "278260500",
        "Email": "secretariado@ulsne.min-saude.pt"
    },
    {
        "HospitalKey": "23",
        "HospitalId": 178,
        "HospitalName": "Hospital São Sebastião (Centro Hospitalar de Entre o Douro e Vouga, EPE)",
        "Description": "Centro Hospitalar de Entre Douro e Vouga, EPE",
        "Address": "Rua Dr. Cândido de Pinho 4520-211 Santa Maria da Feira",
        "District": "Aveiro",
        "Latitude": 40.93016984,
        "Longitude": -8.547738791,
        "NUTSI": "Continente",
        "NUTSII": "Centro",
        "NUTSIII": "Região de Aveiro",
        "PhoneNum": "256379700",
        "Email": "geral@chedv.min-saude.pt"
    },
    {
        "HospitalKey": "24",
        "HospitalId": 185,
        "HospitalName": "Hospital Distrital São João da Madeira (Centro Hospitalar de Entre o Douro e Vouga, EPE)",
        "Description": "Centro Hospitalar de Entre Douro e Vouga, EPE",
        "Address": "Av. da Misericórdia 3700-190 São João da  Madeira",
        "District": "Aveiro",
        "Latitude": 40.89358667,
        "Longitude": -8.494523764,
        "NUTSI": "Continente",
        "NUTSII": "Centro",
        "NUTSIII": "Região de Aveiro",
        "PhoneNum": "256379700",
        "Email": "geral@chedv.min-saude.pt"
    },
    {
        "HospitalKey": "25",
        "HospitalId": 173,
        "HospitalName": "Hospital Amato Lusitano - Castelo Branco (Unidade Local de Saúde de Castelo Branco, EPE)",
        "Description": "Unidade Local de Saúde de Castelo Branco, EPE",
        "Address": "Av. Pedro Álvares Cabral 6000-084 Castelo Branco",
        "District": "Castelo Branco",
        "Latitude": 39.82292466,
        "Longitude": -7.499842644,
        "NUTSI": "Continente",
        "NUTSII": "Centro",
        "NUTSIII": "Beiras e Serra da Estrela",
        "PhoneNum": "272000272",
        "Email": "geral@ulscb.min-saude.pt"
    },
    {
        "HospitalKey": "26",
        "HospitalId": 171,
        "HospitalName": "Hospitais da Universidade de Coimbra (Centro Hospitalar e Universitário de Coimbra, EPE)",
        "Description": "Centro Hospitalar e Universitário de Coimbra, EPE",
        "Address": "Av. Bissaya Barreto - Praceta Prof. Mota Pinto 3000-075 Coimbra",
        "District": "Coimbra",
        "Latitude": 40.220492,
        "Longitude": -8.412677,
        "NUTSI": "Continente",
        "NUTSII": "Centro",
        "NUTSIII": "Região de Coimbra",
        "PhoneNum": "239400400",
        "Email": "casec@huc.min-saude.pt"
    },
    {
        "HospitalKey": "27",
        "HospitalId": 189,
        "HospitalName": "Hospital Infante D. Pedro - Aveiro (Centro Hospitalar do Baixo Vouga, EPE)",
        "Description": "Centro Hospitalar do Baixo Vouga, EPE",
        "Address": "Av. Artur Ravara 3814-501 Aveiro",
        "District": "Aveiro",
        "Latitude": 40.6362453,
        "Longitude": -8.6543716,
        "NUTSI": "Continente",
        "NUTSII": "Centro",
        "NUTSIII": "Região de Aveiro",
        "PhoneNum": "234378300",
        "Email": "sec-adm@chbv.min-saude.pt"
    },
    {
        "HospitalKey": "28",
        "HospitalId": 220,
        "HospitalName": "Hospital Distrital Torres Vedras (Centro Hospitalar do Oeste)",
        "Description": "Centro Hospitalar do Oeste",
        "Address": "Rua Dr. Aurélio Ricardo Belo 2560-324 Torres Vedras",
        "District": "Lisboa",
        "Latitude": 39.0864259,
        "Longitude": -9.2573522,
        "NUTSI": "Continente",
        "NUTSII": "Oeste e Vale do Tejo",
        "NUTSIII": "Oeste",
        "PhoneNum": "261319300",
        "Email": "secretariado.ca@choeste.min-saude.pt"
    },
    {
        "HospitalKey": "29",
        "HospitalId": 2564,
        "HospitalName": "Hospital Distrital Caldas da Rainha (Centro Hospitalar do Oeste)",
        "Description": "Centro Hospitalar do Oeste",
        "Address": "Rua Diário de Notícias 2500-176 Caldas da Rainha",
        "District": "Leiria",
        "Latitude": 39.4044994,
        "Longitude": -9.1297355,
        "NUTSI": "Continente",
        "NUTSII": "Oeste e Vale do Tejo",
        "NUTSIII": "Oeste",
        "PhoneNum": "262830300",
        "Email": "secretariado.ca@choeste.min-saude.pt"
    },
    {
        "HospitalKey": "30",
        "HospitalId": 186,
        "HospitalName": "Hospital Distrital Pombal (Centro Hospitalar de Leiria, EPE)",
        "Description": "Centro Hospitalar de Leiria, EPE",
        "Address": "Av. Heróis do Ultramar - Apartado 40 3100-462 Pombal",
        "District": "Leiria",
        "Latitude": 39.91735,
        "Longitude": -8.62722617,
        "NUTSI": "Continente",
        "NUTSII": "Oeste e Vale do Tejo",
        "NUTSIII": "Oeste",
        "PhoneNum": "236210000",
        "Email": "secca@chleiria.min-saude.pt"
    },
    {
        "HospitalKey": "31",
        "HospitalId": 223,
        "HospitalName": "Hospital Professor Doutor Fernando Fonseca, EPE",
        "Description": "",
        "Address": "IC 19-Venteira 2720-276 Amadora",
        "District": "Lisboa",
        "Latitude": 38.744861,
        "Longitude": -9.246694,
        "NUTSI": "Continente",
        "NUTSII": "Oeste e Vale do Tejo",
        "NUTSIII": "Oeste",
        "PhoneNum": "214348200",
        "Email": "sec.geral@hff.min-saude.pt"
    },
    {
        "HospitalKey": "32",
        "HospitalId": 196,
        "HospitalName": "Instituto Português de Oncologia de Coimbra Francisco Gentil, EPE",
        "Description": "IPO Coimbra",
        "Address": "Av. Bissaya Barreto, 98 3000-075 Coimbra",
        "District": "Coimbra",
        "Latitude": 40.21797905,
        "Longitude": -8.409669399,
        "NUTSI": "Continente",
        "NUTSII": "Centro",
        "NUTSIII": "Região de Coimbra",
        "PhoneNum": "239400200",
        "Email": "secad@ipocoimbra.min-saude.pt"
    },
    {
        "HospitalKey": "33",
        "HospitalId": 193,
        "HospitalName": "Hospital Psiquiátrico Sobral Cid (Centro Hospitalar e Universitário de Coimbra, EPE)",
        "Description": "Centro Hospitalar e Universitário de Coimbra, EPE",
        "Address": "Conraria 3031-801 Ceira",
        "District": "Coimbra",
        "Latitude": 40.176031,
        "Longitude": -8.400608,
        "NUTSI": "Continente",
        "NUTSII": "Centro",
        "NUTSIII": "Região de Coimbra",
        "PhoneNum": "239796400",
        "Email": "geral@chpc.min-saude.pt"
    },
    {
        "HospitalKey": "34",
        "HospitalId": 142,
        "HospitalName": "Hospital Dom Luiz I - Peso da Régua (Centro Hospitalar de Trás-os-Montes e Alto Douro, EPE)",
        "Description": "Centro Hospitalar de Trás-os-Montes e Alto Douro, EPE",
        "Address": "Praceta Delfim Ferreira 5054-001 Peso da Régua",
        "District": "Vila Real",
        "Latitude": 41.16563551,
        "Longitude": -7.792460918,
        "NUTSI": "Continente",
        "NUTSII": "Norte",
        "NUTSIII": "Douro",
        "PhoneNum": "254320430",
        "Email": "geral@chtmad.min-saude.pt"
    },
    {
        "HospitalKey": "35",
        "HospitalId": 405,
        "HospitalName": "Centro de Saúde de Vila Nova de Foz Côa (SUB - Unidade Local de Saúde da Guarda, EPE)",
        "Description": "Unidade Local de Saúde da Guarda, EPE",
        "Address": "Avenida da Misericórdia, 5 5150-632 Vila Nova de Foz Côa",
        "District": "Guarda",
        "Latitude": 41.015628,
        "Longitude": -7.233593,
        "NUTSI": "Continente",
        "NUTSII": "Centro",
        "NUTSIII": "Viseu Dão Lafões",
        "PhoneNum": "279760050",
        "Email": "secretariado.ca@ulsguarda.min-saude.pt"
    },
    {
        "HospitalKey": "36",
        "HospitalId": 236,
        "HospitalName": "Hospital de Faro (Centro Hospitalar Universitário do Algarve)",
        "Description": "Centro Hospitalar Universitário do Algarve",
        "Address": "Rua Leão Penedo 8000-386 Faro",
        "District": "Faro",
        "Latitude": 37.024667,
        "Longitude": -7.929222,
        "NUTSI": "Continente",
        "NUTSII": "Algarve",
        "NUTSIII": "Algarve",
        "PhoneNum": "289891100",
        "Email": "administracao@chalgarve.min-saude.pt"
    },
    {
        "HospitalKey": "37",
        "HospitalId": 439,
        "HospitalName": "Centro de Saúde de São Pedro do Sul",
        "Description": "",
        "Address": "Largo do Hospital 3660-439 São Pedro do Sul",
        "District": "Viseu",
        "Latitude": 40.755379,
        "Longitude": -8.067956,
        "NUTSI": "Continente",
        "NUTSII": "Norte",
        "NUTSIII": "Douro",
        "PhoneNum": "232720180",
        "Email": ""
    },
    {
        "HospitalKey": "38",
        "HospitalId": 577,
        "HospitalName": "Centro de Saúde de Ponte de Sor (SUB - Unidade Local de Saúde do Norte Alentejano, EPE)",
        "Description": "Unidade Local de Saúde do Norte Alentejano, EPE",
        "Address": "Passeio Garibaldino de Andrade n.º 1 7400-294 Ponte de Sôr",
        "District": "Portalegre",
        "Latitude": 39.25126222,
        "Longitude": -8.014518321,
        "NUTSI": "Continente",
        "NUTSII": "Alentejo",
        "NUTSIII": "Alto Alentejo",
        "PhoneNum": "242292000",
        "Email": "geral.cs.pontedesor@ulsna.min-saude.pt"
    },
    {
        "HospitalKey": "39",
        "HospitalId": 238,
        "HospitalName": "Hospital de Portimão (Centro Hospitalar Universitário do Algarve)",
        "Description": "Centro Hospitalar Universitário do Algarve",
        "Address": "Sítio do Poço Seco 8500-338 Portimão",
        "District": "Faro",
        "Latitude": 37.1324829,
        "Longitude": -8.539361,
        "NUTSI": "Continente",
        "NUTSII": "Algarve",
        "NUTSIII": "Algarve",
        "PhoneNum": "282450300",
        "Email": "administracao@chalgarve.min-saude.pt"
    },
    {
        "HospitalKey": "40",
        "HospitalId": 234,
        "HospitalName": "Hospital Dr. José Maria Grande - Portalegre (Unidade Local de Saúde do Norte Alentejano, EPE)",
        "Description": "Unidade Local de Saúde do Norte Alentejano, EPE",
        "Address": "Av. de Santo António 7300-853 PORTA Portalegre",
        "District": "Portalegre",
        "Latitude": 39.3000641,
        "Longitude": -7.42762953,
        "NUTSI": "Continente",
        "NUTSII": "Alentejo",
        "NUTSIII": "Alto Alentejo",
        "PhoneNum": "245301000",
        "Email": "admin@ulsna.min-saude.pt"
    },
    {
        "HospitalKey": "41",
        "HospitalId": 147,
        "HospitalName": "Hospital de Famalicão (Centro Hospitalar do Médio Ave, EPE)",
        "Description": "Centro Hospitalar do Médio Ave, EPE",
        "Address": "Rua de Cupertino de Miranda 4764-958 Vila Nova de Famalicão",
        "District": "Braga",
        "Latitude": 41.412323,
        "Longitude": -8.52108,
        "NUTSI": "Continente",
        "NUTSII": "Norte",
        "NUTSIII": "Cávado",
        "PhoneNum": "252300800",
        "Email": "administracao@chma.min-saude.pt"
    },
    {
        "HospitalKey": "42",
        "HospitalId": 181,
        "HospitalName": "Hospital Distrital Figueira da Foz, EPE",
        "Description": "",
        "Address": "Gala 3094-001 Figueira da Foz",
        "District": "Coimbra",
        "Latitude": 40.130358,
        "Longitude": -8.860848,
        "NUTSI": "Continente",
        "NUTSII": "Centro",
        "NUTSIII": "Região de Coimbra",
        "PhoneNum": "233402000",
        "Email": "hdff@hdfigueira.min-saude.pt"
    },
    {
        "HospitalKey": "43",
        "HospitalId": 431,
        "HospitalName": "Centro de Saúde de Moimenta da Beira",
        "Description": "",
        "Address": "Av. da República 3620-334 Moimenta Da Beira",
        "District": "Viseu",
        "Latitude": 40.971893,
        "Longitude": -7.610076,
        "NUTSI": "Continente",
        "NUTSII": "Norte",
        "NUTSIII": "Douro",
        "PhoneNum": "254520250",
        "Email": "ctecnico.mbeira@srsvreal.min-saude.pt"
    },
    {
        "HospitalKey": "44",
        "HospitalId": 172,
        "HospitalName": "Maternidade Dr. Daniel de Matos (Centro Hospitalar e Universitário de Coimbra, EPE)",
        "Description": "Centro Hospitalar e Universitário de Coimbra, EPE",
        "Address": "Rua Miguel Torga 3030-165 Coimbra",
        "District": "Coimbra",
        "Latitude": 40.207821,
        "Longitude": -8.411143,
        "NUTSI": "Continente",
        "NUTSII": "Centro",
        "NUTSIII": "Região de Coimbra",
        "PhoneNum": "239403060",
        "Email": "secobstetricia@huc.min-saude.pt"
    },
    {
        "HospitalKey": "45",
        "HospitalId": 2077,
        "HospitalName": "Hospital de Vila do Conde (Centro Hospitalar Póvoa de Varzim/Vila do Conde, EPE)",
        "Description": "Centro Hospitalar Póvoa de Varzim Vila do Conde, EPE",
        "Address": "Largo Dr. António José de Almeida 4480-733 Vila do Conde",
        "District": "Porto",
        "Latitude": 41.354397,
        "Longitude": -8.744714,
        "NUTSI": "Continente",
        "NUTSII": "Norte",
        "NUTSIII": "Tâmega e Sousa",
        "PhoneNum": "252299100",
        "Email": "cavc@chpvvc.min-saude.pt"
    },
    {
        "HospitalKey": "46",
        "HospitalId": 201,
        "HospitalName": "Hospital Júlio de Matos (Centro Hospitalar Psiquiátrico de Lisboa)",
        "Description": "Centro Hospitalar Psiquiátrico de Lisboa",
        "Address": "Av. do Brasil, 53 1749-002 Lisboa",
        "District": "Lisboa",
        "Latitude": 38.756301,
        "Longitude": -9.147035,
        "NUTSI": "Continente",
        "NUTSII": "Oeste e Vale do Tejo",
        "NUTSIII": "Oeste",
        "PhoneNum": "217917000",
        "Email": "administracao@chpl.min-saude.pt"
    },
    {
        "HospitalKey": "47",
        "HospitalId": 165,
        "HospitalName": "Hospital Termal Rainha D. Leonor (Centro Hospitalar do Oeste)",
        "Description": "Centro Hospitalar do Oeste",
        "Address": "Largo Rainha D. Leonor 2500-176 Caldas da Rainha",
        "District": "Leiria",
        "Latitude": 39.40318942,
        "Longitude": -9.132535458,
        "NUTSI": "Continente",
        "NUTSII": "Oeste e Vale do Tejo",
        "NUTSIII": "Oeste",
        "PhoneNum": "262830300",
        "Email": "secretariado.ca@choeste.min-saude.pt"
    },
    {
        "HospitalKey": "48",
        "HospitalId": 179,
        "HospitalName": "Hospital São Teotónio - Viseu (Centro Hospitalar Tondela-Viseu, EPE)",
        "Description": "Centro Hospitalar Tondela-Viseu, EPE",
        "Address": "Av. do Rei D. Duarte 3504-509  Viseu",
        "District": "Viseu",
        "Latitude": 40.51689,
        "Longitude": -8.08287,
        "NUTSI": "Continente",
        "NUTSII": "Norte",
        "NUTSIII": "Douro",
        "PhoneNum": "232420500",
        "Email": "geral@hstviseu.min-saude.pt"
    },
    {
        "HospitalKey": "49",
        "HospitalId": 209,
        "HospitalName": "Hospital Santa Marta (Centro Hospitalar Lisboa Central, EPE)",
        "Description": "Centro Hospitalar Lisboa Central",
        "Address": "Rua de Santa Marta 1169-024 Lisboa",
        "District": "Lisboa",
        "Latitude": 38.72356313,
        "Longitude": -9.145538807,
        "NUTSI": "Continente",
        "NUTSII": "Oeste e Vale do Tejo",
        "NUTSIII": "Oeste",
        "PhoneNum": "213594000",
        "Email": "sec.adm.hsm@chlc.min-saude.pt"
    },
    {
        "HospitalKey": "50",
        "HospitalId": 148,
        "HospitalName": "Hospital São José  - Fafe",
        "Description": "",
        "Address": "Praça José Florêncio Soares - Apartado 120 4820-148 Fafe",
        "District": "Braga",
        "Latitude": 41.448674,
        "Longitude": -8.17214,
        "NUTSI": "Continente",
        "NUTSII": "Norte",
        "NUTSIII": "Cávado",
        "PhoneNum": "253540330",
        "Email": "geral.hsj@scmfafe.pt"
    },
    {
        "HospitalKey": "51",
        "HospitalId": 160,
        "HospitalName": "Centro Materno-Infantil do Norte (Centro Hospitalar do Porto)",
        "Description": "Centro Hospitalar do Porto, EPE",
        "Address": "Largo da Maternidade 4050-371 Porto",
        "District": "Porto",
        "Latitude": 41.15119265,
        "Longitude": -8.623216152,
        "NUTSI": "Continente",
        "NUTSII": "Norte",
        "NUTSIII": "Tâmega e Sousa",
        "PhoneNum": "226087400",
        "Email": "seccg.dmn@chporto.min-saude.pt"
    },
    {
        "HospitalKey": "52",
        "HospitalId": 149,
        "HospitalName": "Hospital de Braga",
        "Description": "",
        "Address": "Lugar das Sete Fontes 4710-243 Braga",
        "District": "Braga",
        "Latitude": 41.542624,
        "Longitude": -8.417804,
        "NUTSI": "Continente",
        "NUTSII": "Norte",
        "NUTSIII": "Cávado",
        "PhoneNum": "253027000",
        "Email": "hbraga@hospitaldebraga.pt"
    },
    {
        "HospitalKey": "53",
        "HospitalId": 233,
        "HospitalName": "Hospital Espírito Santo de Évora, EPE",
        "Description": "",
        "Address": "Largo Senhor da Pobreza 7000-811 Évora",
        "District": "Évora",
        "Latitude": 38.568662,
        "Longitude": -7.903353,
        "NUTSI": "Continente",
        "NUTSII": "Alentejo",
        "NUTSIII": "Alentejo Central",
        "PhoneNum": "266740100",
        "Email": "geral@hevora.min-saude.pt"
    },
    {
        "HospitalKey": "54",
        "HospitalId": 216,
        "HospitalName": "Hospital São Francisco Xavier (Centro Hospitalar de Lisboa Ocidental, EPE)",
        "Description": "Centro Hospitalar de Lisboa Ocidental, EPE",
        "Address": "Estrada do Forte do Alto do Duque 1449-005 Lisboa",
        "District": "Lisboa",
        "Latitude": 38.7076959,
        "Longitude": -9.220508117,
        "NUTSI": "Continente",
        "NUTSII": "Oeste e Vale do Tejo",
        "NUTSIII": "Oeste",
        "PhoneNum": "210431000",
        "Email": "hsfxavier@chlo.min-saude.pt"
    },
    {
        "HospitalKey": "55",
        "HospitalId": 2565,
        "HospitalName": "Hospital Pêro da Covilhã (Centro Hospitalar Cova da Beira, EPE)",
        "Description": "Centro Hospitalar Cova da Beira, EPE",
        "Address": "Quinta do Alvito 6200-251 Covilhã",
        "District": "Castelo Branco",
        "Latitude": 40.26606815,
        "Longitude": -7.49227,
        "NUTSI": "Continente",
        "NUTSII": "Centro",
        "NUTSIII": "Beiras e Serra da Estrela",
        "PhoneNum": "275330000",
        "Email": "info@chcbeira.min-saude.pt"
    },
    {
        "HospitalKey": "56",
        "HospitalId": 203,
        "HospitalName": "Hospital Dr. Manoel Constâncio - Abrantes (Centro Hospitalar Médio Tejo, EPE)",
        "Description": "Centro Hospitalar Médio Tejo, EPE",
        "Address": "Largo Engenheiro Bioucas 2200-202 Abrantes",
        "District": "Santarém",
        "Latitude": 39.503815,
        "Longitude": -8.243175,
        "NUTSI": "Continente",
        "NUTSII": "Oeste e Vale do Tejo",
        "NUTSIII": "Médio Tejo",
        "PhoneNum": "241360700",
        "Email": "geral@chmt.min-saude.pt"
    },
    {
        "HospitalKey": "57",
        "HospitalId": 183,
        "HospitalName": "Hospital Distrital de Lamego (Centro Hospitalar de Trás-os-Montes e Alto Douro, EPE)",
        "Description": "Centro Hospitalar de Trás-os-Montes e Alto Douro, EPE",
        "Address": "Lugar de Calvilhe 5100-038 Lamego",
        "District": "Viseu",
        "Latitude": 41.083727298,
        "Longitude": -7.795880735,
        "NUTSI": "Continente",
        "NUTSII": "Norte",
        "NUTSIII": "Douro",
        "PhoneNum": "254609980",
        "Email": "geral@chtmad.min-saude.pt"
    },
    {
        "HospitalKey": "58",
        "HospitalId": 215,
        "HospitalName": "Hospital São Bernardo (Centro Hospitalar de Setúbal, EPE)",
        "Description": "Centro Hospitalar de Setúbal, EPE",
        "Address": "R. Camilo Castelo Branco - Apartado 140 2910-446 Setúbal",
        "District": "Setúbal",
        "Latitude": 38.5291742,
        "Longitude": -8.883224,
        "NUTSI": "Continente",
        "NUTSII": "Alentejo",
        "NUTSIII": "Alentejo Litoral",
        "PhoneNum": "265549000",
        "Email": "geral@chs.min-saude.pt"
    },
    {
        "HospitalKey": "59",
        "HospitalId": 182,
        "HospitalName": "Hospital Conde de Sucena – Águeda (Centro Hospitalar do Baixo Vouga, EPE)",
        "Description": "Centro Hospitalar do Baixo Vouga, EPE",
        "Address": "Rua da Misericórdia 3750-130 Águeda",
        "District": "Aveiro",
        "Latitude": 40.5759082,
        "Longitude": -8.449143,
        "NUTSI": "Continente",
        "NUTSII": "Centro",
        "NUTSIII": "Região de Aveiro",
        "PhoneNum": "234611000",
        "Email": "geral@hdagueda.min-saude.pt"
    },
    {
        "HospitalKey": "60",
        "HospitalId": 214,
        "HospitalName": "Hospital Vila Franca de Xira",
        "Description": "",
        "Address": "Estrada Nacional Nº1, Povos 2600-009 Vila Franca de Xira",
        "District": "Lisboa",
        "Latitude": 38.97796042,
        "Longitude": -8.985314369,
        "NUTSI": "Continente",
        "NUTSII": "Oeste e Vale do Tejo",
        "NUTSIII": "Oeste",
        "PhoneNum": "263006500",
        "Email": "hvfxira@hvfx.pt"
    },
    {
        "HospitalKey": "61",
        "HospitalId": 195,
        "HospitalName": "Hospital Visconde de Salreu - Estarreja (Centro Hospitalar do Baixo Vouga, EPE)",
        "Description": "Centro Hospitalar do Baixo Vouga, EPE",
        "Address": "Apartado 46 3860-756 Estarreja",
        "District": "Aveiro",
        "Latitude": 40.747907,
        "Longitude": -8.5673317,
        "NUTSI": "Continente",
        "NUTSII": "Centro",
        "NUTSIII": "Região de Aveiro",
        "PhoneNum": "234810000",
        "Email": "geral@hvsalreu.min-saude.pt"
    },
    {
        "HospitalKey": "62",
        "HospitalId": 228,
        "HospitalName": "Instituto Português de Oncologia de Lisboa Francisco Gentil, EPE",
        "Description": "IPO Lisboa",
        "Address": "Rua Prof. Lima Basto 1099-023 Lisboa",
        "District": "Lisboa",
        "Latitude": 38.73956,
        "Longitude": -9.163105,
        "NUTSI": "Continente",
        "NUTSII": "Oeste e Vale do Tejo",
        "NUTSIII": "Oeste",
        "PhoneNum": "217229800",
        "Email": "ipofg@ipolisboa.min-saude.pt"
    },
    {
        "HospitalKey": "63",
        "HospitalId": 232,
        "HospitalName": "Hospital São Paulo - Serpa",
        "Description": "Unidade Local de Saúde do Baixo Alentejo, EPE",
        "Address": "Largo de São Paulo 7830-386 Serpa",
        "District": "Beja",
        "Latitude": 37.944371,
        "Longitude": -7.595917,
        "NUTSI": "Continente",
        "NUTSII": "Alentejo",
        "NUTSIII": "Baixo Alentejo",
        "PhoneNum": "284544715",
        "Email": "geral.serpa@ulsba.min-saude.pt"
    },
    {
        "HospitalKey": "64",
        "HospitalId": 175,
        "HospitalName": "Hospital Cândido de Figueiredo - Tondela (Centro Hospitalar Tondela-Viseu, EPE)",
        "Description": "Centro Hospitalar Tondela-Viseu, EPE",
        "Address": "Av. General Humberto Delgado 3460-525 Tondela",
        "District": "Viseu",
        "Latitude": 40.51689,
        "Longitude": -8.083142638,
        "NUTSI": "Continente",
        "NUTSII": "Norte",
        "NUTSIII": "Douro",
        "PhoneNum": "232819060",
        "Email": "ca@hdtondela.min-saude.pt"
    },
    {
        "HospitalKey": "65",
        "HospitalId": 225,
        "HospitalName": "Hospital Garcia de Orta, EPE",
        "Description": "",
        "Address": "Av. Torrado da Silva, Pragal 2801-951 Almada",
        "District": "Setúbal",
        "Latitude": 38.673149,
        "Longitude": -9.176903,
        "NUTSI": "Continente",
        "NUTSII": "Alentejo",
        "NUTSIII": "Alentejo Litoral",
        "PhoneNum": "212940294",
        "Email": "geral@hgo.min-saude.pt"
    },
    {
        "HospitalKey": "66",
        "HospitalId": 517,
        "HospitalName": "Centro de Saúde de Alcácer do Sal",
        "Description": "",
        "Address": "Avenida José Saramago 7580-206 Alcácer do Sal",
        "District": "Setúbal",
        "Latitude": 38.375347,
        "Longitude": -8.509792,
        "NUTSI": "Continente",
        "NUTSII": "Alentejo",
        "NUTSIII": "Alentejo Litoral",
        "PhoneNum": "265610500",
        "Email": "ucsp.alcacer@alentejolitoral.min-saude.pt"
    },
    {
        "HospitalKey": "67",
        "HospitalId": 155,
        "HospitalName": "Hospital Padre Américo - Vale do Sousa (Centro Hospitalar Tâmega e Sousa, EPE)",
        "Description": "Centro Hospitalar Tâmega e Sousa, EPE",
        "Address": "Avenida do Hospital Padre Américo, nº210 4564-007 Penafiel",
        "District": "Porto",
        "Latitude": 41.228408,
        "Longitude": -8.313946,
        "NUTSI": "Continente",
        "NUTSII": "Norte",
        "NUTSIII": "Tâmega e Sousa",
        "PhoneNum": "255714000",
        "Email": "administracao@chts.min-saude.pt"
    },
    {
        "HospitalKey": "68",
        "HospitalId": 235,
        "HospitalName": "Hospital José Joaquim Fernandes - Beja (Unidade Local de Saúde do Baixo Alentejo, EPE)",
        "Description": "Unidade Local de Saúde do Baixo Alentejo, EPE",
        "Address": "Rua Dr. António Fernando Covas Lima 780 Beja",
        "District": "Beja",
        "Latitude": 38.0142877,
        "Longitude": -7.870084047,
        "NUTSI": "Continente",
        "NUTSII": "Alentejo",
        "NUTSIII": "Baixo Alentejo",
        "PhoneNum": "284310200",
        "Email": "ca@ulsba.min-saude.pt"
    },
    {
        "HospitalKey": "69",
        "HospitalId": 75458,
        "HospitalName": "Hospital Beatriz Ângelo",
        "Description": "",
        "Address": "Avenida Carlos Teixeira, 3 2674 Loures",
        "District": "Lisboa",
        "Latitude": 38.82388991,
        "Longitude": -9.177103043,
        "NUTSI": "Continente",
        "NUTSII": "Oeste e Vale do Tejo",
        "NUTSIII": "Oeste",
        "PhoneNum": "219847200",
        "Email": "geral@hbeatrizangelo.pt"
    },
    {
        "HospitalKey": "70",
        "HospitalId": 136,
        "HospitalName": "Hospital Distrital de Macedo de Cavaleiros (Unidade Local de Saúde do Nordeste, EPE)",
        "Description": "Unidade Local de Saúde do Nordeste, EPE",
        "Address": "Rua Dr. Urze Pires 5340-263 Macedo de Cavaleiros",
        "District": "Bragança",
        "Latitude": 41.535443,
        "Longitude": -6.959864,
        "NUTSI": "Continente",
        "NUTSII": "Norte",
        "NUTSIII": "Terras de Trás-os-Montes",
        "PhoneNum": "278428200",
        "Email": "secretariado@ulsne.min-saude.pt"
    },
    {
        "HospitalKey": "71",
        "HospitalId": 2006,
        "HospitalName": "Instituto de Oftalmologia Dr. Gama Pinto",
        "Description": "",
        "Address": "Travessa Larga, 2 1169-019 Lisboa",
        "District": "Lisboa",
        "Latitude": 38.721729,
        "Longitude": -9.144954,
        "NUTSI": "Continente",
        "NUTSII": "Oeste e Vale do Tejo",
        "NUTSIII": "Oeste",
        "PhoneNum": "213553060",
        "Email": "gabinete.cidadao@igpinto.min-saude.pt"
    },
    {
        "HospitalKey": "72",
        "HospitalId": 2566,
        "HospitalName": "Hospital do Fundão (Centro Hospitalar Cova da Beira, EPE)",
        "Description": "Centro Hospitalar Cova da Beira, EPE",
        "Address": "Avenida Adolfo Portela 6230-288 Fundão",
        "District": "Castelo Branco",
        "Latitude": 40.13498,
        "Longitude": -7.5013,
        "NUTSI": "Continente",
        "NUTSII": "Centro",
        "NUTSIII": "Beiras e Serra da Estrela",
        "PhoneNum": "275330000",
        "Email": "direccao.hf@chcbeira.min-saude.pt"
    },
    {
        "HospitalKey": "73",
        "HospitalId": 190,
        "HospitalName": "Hospital José Luciano de Castro - Anadia",
        "Description": "",
        "Address": "Rua da Misericórdia - Apartado 93 3780-226  Anadia",
        "District": "Aveiro",
        "Latitude": 40.4425543,
        "Longitude": -8.441727161,
        "NUTSI": "Continente",
        "NUTSII": "Centro",
        "NUTSIII": "Região de Aveiro",
        "PhoneNum": "231510420",
        "Email": "hdanadia@hdanadia.min-saude.pt"
    },
    {
        "HospitalKey": "74",
        "HospitalId": 159,
        "HospitalName": "Instituto Português de Oncologia de Porto Francisco Gentil, EPE",
        "Description": "IPO Porto",
        "Address": "Rua Dr. António Bernardino de Almeida 4200-072  Porto",
        "District": "Porto",
        "Latitude": 41.179108,
        "Longitude": -8.605716,
        "NUTSI": "Continente",
        "NUTSII": "Norte",
        "NUTSIII": "Tâmega e Sousa",
        "PhoneNum": "225084000",
        "Email": "diripo@ipoporto.min-saude.pt"
    },
    {
        "HospitalKey": "75",
        "HospitalId": 555,
        "HospitalName": "Centro de Saúde de Montemor-o-Novo",
        "Description": "",
        "Address": "Rua Fernando Pessoa 7050-236 Montemor-o-Novo",
        "District": "Évora",
        "Latitude": 38.64532454,
        "Longitude": -8.213613331,
        "NUTSI": "Continente",
        "NUTSII": "Alentejo",
        "NUTSIII": "Alentejo Central",
        "PhoneNum": "266898900",
        "Email": "csmontemor@alentejocentral.min-saude.pt"
    },
    {
        "HospitalKey": "76",
        "HospitalId": 144,
        "HospitalName": "Hospital Nossa Senhora da Conceição de Valongo (Centro Hospitalar de São João, EPE)",
        "Description": "Centro Hospitalar de São João, EPE",
        "Address": "Rua da Misericórdia 4440-563 Valongo",
        "District": "Porto",
        "Latitude": 41.18710409,
        "Longitude": -8.49882334,
        "NUTSI": "Continente",
        "NUTSII": "Norte",
        "NUTSIII": "Tâmega e Sousa",
        "PhoneNum": "224220019",
        "Email": "secretariado@hvalongo.min-saude.pt"
    },
    {
        "HospitalKey": "77",
        "HospitalId": 226,
        "HospitalName": "Hospital Ortopédico Sant'Iago do Outão (Centro Hospitalar de Setúbal, EPE)",
        "Description": "Centro Hospitalar de Setúbal, EPE",
        "Address": "Outão 2900-182 Setúbal",
        "District": "Setúbal",
        "Latitude": 38.510583,
        "Longitude": -8.935574,
        "NUTSI": "Continente",
        "NUTSII": "Alentejo",
        "NUTSIII": "Alentejo Litoral",
        "PhoneNum": "265543900",
        "Email": "geral@chs.min-saude.pt"
    },
    {
        "HospitalKey": "78",
        "HospitalId": 362,
        "HospitalName": "Centro de Saúde de Arganil",
        "Description": "",
        "Address": "Rua Condessa das Canas, 18 3300-036 Arganil",
        "District": "Coimbra",
        "Latitude": 40.21588994,
        "Longitude": -8.054373264,
        "NUTSI": "Continente",
        "NUTSII": "Centro",
        "NUTSIII": "Região de Coimbra",
        "PhoneNum": "235200100",
        "Email": "cs05@srscoimbra.min-saude.pt"
    },
    {
        "HospitalKey": "79",
        "HospitalId": 210,
        "HospitalName": "Hospital Santo António dos Capuchos (Centro Hospitalar Lisboa Central, EPE)",
        "Description": "Centro Hospitalar Lisboa Central",
        "Address": "Alameda Santo António dos Capuchos 1169-050 Lisboa",
        "District": "Lisboa",
        "Latitude": 38.72153,
        "Longitude": -9.141437,
        "NUTSI": "Continente",
        "NUTSII": "Oeste e Vale do Tejo",
        "NUTSIII": "Oeste",
        "PhoneNum": "213136300",
        "Email": "sec.adm.capuchos@chlc.min-saude.pt"
    },
    {
        "HospitalKey": "80",
        "HospitalId": 2561,
        "HospitalName": "Hospital Distrital de Vila Nova de Gaia (Centro Hospitalar de Vila Nova de Gaia/Espinho, EPE)",
        "Description": "Hospital Distrital Vila Nova de Gaia",
        "Address": "Rua Dr. Francisco sá Carneiro 4400-129 Vila Nova de Gaia",
        "District": "Porto",
        "Latitude": 41.1286183,
        "Longitude": -8.6122023,
        "NUTSI": "Continente",
        "NUTSII": "Norte",
        "NUTSIII": "Tâmega e Sousa",
        "PhoneNum": "227865100",
        "Email": "geral@chvng.min-saude.pt"
    },
    {
        "HospitalKey": "81",
        "HospitalId": 206,
        "HospitalName": "Hospital de Curry Cabral (Centro Hospitalar Lisboa Central, EPE)",
        "Description": "Centro Hospitalar de Lisboa Central, EPE",
        "Address": "Rua da Beneficência, 8 1069-166 Lisboa",
        "District": "Lisboa",
        "Latitude": 38.739834,
        "Longitude": -9.153856,
        "NUTSI": "Continente",
        "NUTSII": "Oeste e Vale do Tejo",
        "NUTSIII": "Oeste",
        "PhoneNum": "217924200",
        "Email": "cadm@hccabral.min-saude.pt"
    },
    {
        "HospitalKey": "82",
        "HospitalId": 237,
        "HospitalName": "Hospital Terras do Infante - Lagos (Centro Hospitalar Universitário do Algarve)",
        "Description": "Centro Hospitalar Universitário do Algarve",
        "Address": "Av. Dom Sebastião, 8600-654 Lagos",
        "District": "Faro",
        "Latitude": 37.099639,
        "Longitude": -8.670194,
        "NUTSI": "Continente",
        "NUTSII": "Algarve",
        "NUTSIII": "Algarve",
        "PhoneNum": "282770100",
        "Email": "administracao@chalgarve.min-saude.pt"
    },
    {
        "HospitalKey": "83",
        "HospitalId": 546,
        "HospitalName": "Centro de Saúde de Odemira",
        "Description": "",
        "Address": "Vale Pêgas de Baixo 7630-236 Odemira",
        "District": "Beja",
        "Latitude": 37.621206,
        "Longitude": -8.616067,
        "NUTSI": "Continente",
        "NUTSII": "Alentejo",
        "NUTSIII": "Baixo Alentejo",
        "PhoneNum": "283320130",
        "Email": "csodemira@ulsla.min-saude.pt"
    },
    {
        "HospitalKey": "84",
        "HospitalId": 553,
        "HospitalName": "Centro de Saúde de Estremoz",
        "Description": "",
        "Address": "Av. 9 de Abril 7100-500 Estremoz",
        "District": "Évora",
        "Latitude": 38.845309,
        "Longitude": -7.583389,
        "NUTSI": "Continente",
        "NUTSII": "Alentejo",
        "NUTSIII": "Alentejo Central",
        "PhoneNum": "268337700",
        "Email": "csestremoz@alentejocentral.min-saude.pt"
    },
    {
        "HospitalKey": "85",
        "HospitalId": 150,
        "HospitalName": "Hospital Santa Maria Maior, EPE - Barcelos",
        "Description": "",
        "Address": "Campo da República 4754-909 Barcelos",
        "District": "Braga",
        "Latitude": 41.53261,
        "Longitude": -8.616605,
        "NUTSI": "Continente",
        "NUTSII": "Norte",
        "NUTSIII": "Cávado",
        "PhoneNum": "253809200",
        "Email": "secadm@hbarcelos.min-saude.pt"
    },
    {
        "HospitalKey": "86",
        "HospitalId": 180,
        "HospitalName": "Hospital de Santo André - Leiria (Centro Hospitalar de Leiria, EPE)",
        "Description": "Centro Hospitalar de Leiria, EPE",
        "Address": "Rua das Olhalvas. Pousos 2410-197 L Leiria",
        "District": "Leiria",
        "Latitude": 39.743472,
        "Longitude": -8.79425,
        "NUTSI": "Continente",
        "NUTSII": "Oeste e Vale do Tejo",
        "NUTSIII": "Oeste",
        "PhoneNum": "244817000",
        "Email": "secca@chleiria.min-saude.pt"
    },
    {
        "HospitalKey": "87",
        "HospitalId": 218,
        "HospitalName": "Hospital Santa Maria (Centro Hospitalar de Lisboa Norte, EPE)",
        "Description": "Centro Hospitalar de Lisboa Norte, EPE",
        "Address": "Av. Professor Egas Moniz 1649-035 Lisboa",
        "District": "Lisboa",
        "Latitude": 38.7482765,
        "Longitude": -9.160559177,
        "NUTSI": "Continente",
        "NUTSII": "Oeste e Vale do Tejo",
        "NUTSIII": "Oeste",
        "PhoneNum": "217805000",
        "Email": "administracao@chln.min-saude.pt"
    },
    {
        "HospitalKey": "88",
        "HospitalId": 65413,
        "HospitalName": "Hospital de Cascais Dr. José de Almeida",
        "Description": "",
        "Address": "Av. Brigadeiro Victor Novais Gonçalves 2755-009 Alcabideche",
        "District": "Lisboa",
        "Latitude": 38.73094322,
        "Longitude": -9.418576956,
        "NUTSI": "Continente",
        "NUTSII": "Oeste e Vale do Tejo",
        "NUTSIII": "Oeste",
        "PhoneNum": "214653000",
        "Email": "geral@hospitaldecascais.pt"
    },
    {
        "HospitalKey": "89",
        "HospitalId": 229,
        "HospitalName": "Maternidade Dr. Alfredo da Costa (Centro Hospitalar Lisboa Central, EPE)",
        "Description": "Centro Hospitalar de Lisboa Central, EPE",
        "Address": "Rua Viriato 1069-089  Lisboa",
        "District": "Lisboa",
        "Latitude": 38.73099561,
        "Longitude": -9.147695303,
        "NUTSI": "Continente",
        "NUTSII": "Oeste e Vale do Tejo",
        "NUTSIII": "Oeste",
        "PhoneNum": "213184000",
        "Email": "dirclinica@chlc.min-saude.pt"
    },
    {
        "HospitalKey": "90",
        "HospitalId": 587,
        "HospitalName": "Centro de Saúde de Loulé (SUB - Centro Hospitalar do Algarve, EPE)",
        "Description": "Centro Hospitalar do Algarve, EPE",
        "Address": "Av. Engenheiro Laginha Serafim 8100-740 Loulé",
        "District": "Faro",
        "Latitude": 37.1453962,
        "Longitude": -8.0136811,
        "NUTSI": "Continente",
        "NUTSII": "Algarve",
        "NUTSIII": "Algarve",
        "PhoneNum": "289401000",
        "Email": "administracao@chalgarve.min-saude.pt"
    },
    {
        "HospitalKey": "91",
        "HospitalId": 221,
        "HospitalName": "Hospital Litoral Alentejano (Unidade Local de Saúde do Litoral Alentejano, EPE)",
        "Description": "Unidade Local de Saúde do Litoral Alentejano, EPE",
        "Address": "Monte do Gilbardinho - Estrada Nacional 261 7540-240 Santiago do Cacém",
        "District": "Setúbal",
        "Latitude": 38.041781,
        "Longitude": -8.79207,
        "NUTSI": "Continente",
        "NUTSII": "Alentejo",
        "NUTSIII": "Alentejo Litoral",
        "PhoneNum": "269818100",
        "Email": "geral@ulsla.min-saude.pt"
    },
    {
        "HospitalKey": "92",
        "HospitalId": 212,
        "HospitalName": "Hospital Egas Moniz (Centro Hospitalar de Lisboa Ocidental, EPE)",
        "Description": "Centro Hospitalar de Lisboa Ocidental, EPE",
        "Address": "Rua da Junqueira, 126 1349-019 Lisboa",
        "District": "Lisboa",
        "Latitude": 38.69969946,
        "Longitude": -9.188164473,
        "NUTSI": "Continente",
        "NUTSII": "Oeste e Vale do Tejo",
        "NUTSIII": "Oeste",
        "PhoneNum": "210431000",
        "Email": "hem@chlo.min-saude.pt"
    },
    {
        "HospitalKey": "93",
        "HospitalId": 545,
        "HospitalName": "Centro de Saúde Moura (SUB - Unidade Local de Saúde do Baixo Alentejo, EPE)",
        "Description": "Unidade Local de Saúde do Baixo Alentejo, EPE",
        "Address": "Rua dos Açores 7860-222 Moura",
        "District": "Beja",
        "Latitude": 38.137701,
        "Longitude": -7.45229,
        "NUTSI": "Continente",
        "NUTSII": "Alentejo",
        "NUTSIII": "Baixo Alentejo",
        "PhoneNum": "285254900",
        "Email": "csmoura@ulsba.min-saude.pt"
    },
    {
        "HospitalKey": "94",
        "HospitalId": 231,
        "HospitalName": "Hospital Santa Luzia de Elvas (Unidade Local de Saúde do Norte Alentejano, EPE)",
        "Description": "Unidade Local de Saúde do Norte Alentejano, EPE",
        "Address": "Rua Mariana Martins - Apartado 242 7350-954 Elvas",
        "District": "Portalegre",
        "Latitude": 38.87548785,
        "Longitude": -7.163029611,
        "NUTSI": "Continente",
        "NUTSII": "Alentejo",
        "NUTSIII": "Alto Alentejo",
        "PhoneNum": "268637200",
        "Email": "admin@ulsna.min-saude.pt"
    },
    {
        "HospitalKey": "95",
        "HospitalId": 153,
        "HospitalName": "Hospital Distrital de Chaves (Centro Hospitalar de Trás-os-Montes e Alto Douro, EPE)",
        "Description": "Centro Hospitalar de Trás-os-Montes e Alto Douro, EPE",
        "Address": "Av. Dr. Francisco Sá Carneiro 5400-279 Chaves",
        "District": "Vila Real",
        "Latitude": 41.7434178,
        "Longitude": -7.47685343,
        "NUTSI": "Continente",
        "NUTSII": "Norte",
        "NUTSIII": "Douro",
        "PhoneNum": "276300900",
        "Email": "geral@chtmad.min-saude.pt"
    },
    {
        "HospitalKey": "96",
        "HospitalId": 2563,
        "HospitalName": "Hospital Geral - Covões (Centro Hospitalar e Universitário de Coimbra, EPE)",
        "Description": "Centro Hospitalar e Universitário de Coimbra, EPE",
        "Address": "Quinta dos Vales  3046-853 Coimbra",
        "District": "Coimbra",
        "Latitude": 40.195288,
        "Longitude": -8.458752,
        "NUTSI": "Continente",
        "NUTSII": "Centro",
        "NUTSIII": "Região de Coimbra",
        "PhoneNum": "239800100",
        "Email": "casec@huc.min-saude.pt"
    },
    {
        "HospitalKey": "97",
        "HospitalId": 174,
        "HospitalName": "Hospital Bernardino Lopes de Oliveira - Alcobaça (Centro Hospitalar de Leiria, EPE)",
        "Description": "Centro Hospitalar de Leiria, EPE",
        "Address": "Rua do Hospital - Apartado 70 2460-051 Alcobaça",
        "District": "Leiria",
        "Latitude": 39.550917,
        "Longitude": -8.9725,
        "NUTSI": "Continente",
        "NUTSII": "Oeste e Vale do Tejo",
        "NUTSIII": "Oeste",
        "PhoneNum": "262590400",
        "Email": "secca@chleiria.min-saude.pt"
    },
    {
        "HospitalKey": "98",
        "HospitalId": 227,
        "HospitalName": "Hospital Pulido Valente (Centro Hospitalar de Lisboa Norte, EPE)",
        "Description": "Centro Hospitalar de Lisboa Norte, EPE",
        "Address": "Alameda das Linhas de Torres, 117 1769-001 Lisboa",
        "District": "Lisboa",
        "Latitude": 38.765467,
        "Longitude": -9.157316,
        "NUTSI": "Continente",
        "NUTSII": "Oeste e Vale do Tejo",
        "NUTSIII": "Oeste",
        "PhoneNum": "217548000",
        "Email": "administracao@chln.min-saude.pt"
    },
    {
        "HospitalKey": "99",
        "HospitalId": 143,
        "HospitalName": "Hospital de Magalhães Lemos, EPE",
        "Description": "",
        "Address": "Rua Professor Álvaro Rodrigues 4149-003  Porto",
        "District": "Porto",
        "Latitude": 41.17750729,
        "Longitude": -8.663578033,
        "NUTSI": "Continente",
        "NUTSII": "Norte",
        "NUTSIII": "Tâmega e Sousa",
        "PhoneNum": "226192400",
        "Email": "hml@hmlemos.min-saude.pt"
    },
    {
        "HospitalKey": "100",
        "HospitalId": 194,
        "HospitalName": "Hospital Sousa Martins - Guarda (Unidade Local de Saúde da Guarda, EPE)",
        "Description": "Unidade Local de Saúde da Guarda, EPE",
        "Address": "Av. Rainha D. Amélia 6301-857 Guarda",
        "District": "Guarda",
        "Latitude": 40.52997,
        "Longitude": -7.695869,
        "NUTSI": "Continente",
        "NUTSII": "Centro",
        "NUTSIII": "Viseu Dão Lafões",
        "PhoneNum": "271200200",
        "Email": "secretariado.ca@ulsguarda.min-saude.pt"
    },
    {
        "HospitalKey": "101",
        "HospitalId": 5687,
        "HospitalName": "Centro de Saúde de Vila Real de Santo António (SUB - Centro Hospitalar do Algarve, EPE)",
        "Description": "Centro Hospitalar do Algarve, EPE",
        "Address": "Av. Duarte Pacheco 8900-211 Vila Real de Santo António",
        "District": "Faro",
        "Latitude": 37.190884,
        "Longitude": -7.41763,
        "NUTSI": "Continente",
        "NUTSII": "Algarve",
        "NUTSIII": "Algarve",
        "PhoneNum": "281530270",
        "Email": "administracao@chalgarve.min-saude.pt"
    },
    {
        "HospitalKey": "102",
        "HospitalId": 2562,
        "HospitalName": "Hospital Eduardo Santos Silva (Centro Hospitalar de Vila Nova de Gaia/Espinho, EPE)",
        "Description": "Hospital Eduardo Santos Silva",
        "Address": "Rua Conceição Fernandes 4434-502 Vila Nova de Gaia",
        "District": "Porto",
        "Latitude": 41.1058634,
        "Longitude": -8.5920719,
        "NUTSI": "Continente",
        "NUTSII": "Norte",
        "NUTSIII": "Tâmega e Sousa",
        "PhoneNum": "227865100",
        "Email": "geral@chvng.min-saude.pt"
    },
    {
        "HospitalKey": "103",
        "HospitalId": 2067106,
        "HospitalName": "Centro de Medicina de Reabilitação da Região Centro – Rovisco Pais",
        "Description": "",
        "Address": "Quinta da Fonte Quente, apatado 3 3060-908 Tocha",
        "District": "Coimbra",
        "Latitude": 40.297793,
        "Longitude": -8.762327,
        "NUTSI": "Continente",
        "NUTSII": "Centro",
        "NUTSIII": "Região de Coimbra",
        "PhoneNum": "231440900",
        "Email": "cmcrrc@roviscopais.min-saude.pt"
    },
    {
        "HospitalKey": "104",
        "HospitalId": 156,
        "HospitalName": "Hospital Geral de Santo António (Centro Hospitalar do Porto, EPE)",
        "Description": "Centro Hospitalar do Porto, EPE",
        "Address": "Largo Professor Abel Salazar 4099-001 Porto",
        "District": "Porto",
        "Latitude": 41.146344,
        "Longitude": -8.61958,
        "NUTSI": "Continente",
        "NUTSII": "Norte",
        "NUTSIII": "Tâmega e Sousa",
        "PhoneNum": "222077500",
        "Email": "ca@chporto.min-saude.pt"
    },
    {
        "HospitalKey": "105",
        "HospitalId": 428,
        "HospitalName": "Centro de Saúde de Cinfães",
        "Description": "",
        "Address": "Rua Capitão Salgueiro Maia 4690-047  Cinfães",
        "District": "Viseu",
        "Latitude": 41.073845,
        "Longitude": -8.089292,
        "NUTSI": "Continente",
        "NUTSII": "Norte",
        "NUTSIII": "Douro",
        "PhoneNum": "255561334",
        "Email": "ucspcinfaes@cscinfaes.min-saude.pt"
    },
    {
        "HospitalKey": "106",
        "HospitalId": 2076,
        "HospitalName": "Hospital da Póvoa de Varzim (Centro Hospitalar Póvoa de Varzim/Vila do Conde, EPE)",
        "Description": "Centro Hospitalar Póvoa de Varzim Vila do Conde, EPE",
        "Address": "LARGO DA MISERICÓRDIA 4490-490  Póvoa de Varzim",
        "District": "Porto",
        "Latitude": 41.382884,
        "Longitude": -8.758959,
        "NUTSI": "Continente",
        "NUTSII": "Norte",
        "NUTSIII": "Tâmega e Sousa",
        "PhoneNum": "252690600",
        "Email": "geral@chpvvc.min-saude.pt"
    },
    {
        "HospitalKey": "107",
        "HospitalId": 139,
        "HospitalName": "Hospital Santa Luzia de Viana do Castelo (Unidade Local de Saúde do Alto Minho, EPE)",
        "Description": "Unidade Local de Saúde do Alto Minho, EPE",
        "Address": "Estrada de Santa Luzia 4904-858 Viana do Castelo",
        "District": "Viana do Castelo",
        "Latitude": 41.701513,
        "Longitude": -8.833617,
        "NUTSI": "Continente",
        "NUTSII": "Norte",
        "NUTSIII": "Alto Minho",
        "PhoneNum": "258802100",
        "Email": "administracao@ulsam.min-saude.pt"
    },
    {
        "HospitalKey": "108",
        "HospitalId": 138,
        "HospitalName": "Hospital Conde de Bertiandos - Ponte de Lima (Unidade Local do Alto Minho, EPE)",
        "Description": "Unidade Local de Saúde do Alto Minho, EPE",
        "Address": "Largo Conde de Bertiandos 4990-041 Ponte de Lima",
        "District": "Viana do Castelo",
        "Latitude": 41.767973,
        "Longitude": -8.578964,
        "NUTSI": "Continente",
        "NUTSII": "Norte",
        "NUTSIII": "Alto Minho",
        "PhoneNum": "258909500",
        "Email": "administracao@ulsam.min-saude.pt"
    },
    {
        "HospitalKey": "109",
        "HospitalId": 204,
        "HospitalName": "Hospital Nossa Senhora da Graça - Tomar (Centro Hospitalar Médio Tejo, EPE)",
        "Description": "Centro Hospitalar Médio Tejo, EPE",
        "Address": "Av. Maria de Lourdes de Mello Castro - Ap. 118 2304-909 Tomar",
        "District": "Santarém",
        "Latitude": 39.606735,
        "Longitude": -8.395279,
        "NUTSI": "Continente",
        "NUTSII": "Oeste e Vale do Tejo",
        "NUTSIII": "Médio Tejo",
        "PhoneNum": "249810100",
        "Email": "geral@chmt.min-saude.pt"
    },
    {
        "HospitalKey": "110",
        "HospitalId": 266,
        "HospitalName": "Centro de Saúde de Mogadouro",
        "Description": "",
        "Address": "Rua Congregação S. Vicente Paulo, nº 136 5200-207 Mogadouro",
        "District": "Bragança",
        "Latitude": 41.34287411,
        "Longitude": -6.711959839,
        "NUTSI": "Continente",
        "NUTSII": "Norte",
        "NUTSIII": "Terras de Trás-os-Montes",
        "PhoneNum": "279340300",
        "Email": "geral@csmogadouro.min-saude.pt"
    },
    {
        "HospitalKey": "111",
        "HospitalId": 217,
        "HospitalName": "Hospital Santa Cruz (Centro Hospitalar de Lisboa Ocidental, EPE)",
        "Description": "Centro Hospitalar de Lisboa Ocidental, EPE",
        "Address": "Av. Professor Reinaldo dos Santos 2799-523 Carnaxide",
        "District": "Lisboa",
        "Latitude": 38.72704511,
        "Longitude": -9.233869314,
        "NUTSI": "Continente",
        "NUTSII": "Oeste e Vale do Tejo",
        "NUTSIII": "Oeste",
        "PhoneNum": "210431000",
        "Email": "hscruz@chlo.min-saude.pt"
    },
    {
        "HospitalKey": "112",
        "HospitalId": 157,
        "HospitalName": "Hospital Joaquim Urbano (Centro Hospitalar do Porto, EPE)",
        "Description": "Centro Hospitalar do Porto, EPE",
        "Address": "Rua Câmara Pestana, 348 4369-004  Porto",
        "District": "Porto",
        "Latitude": 41.15484405,
        "Longitude": -8.594055176,
        "NUTSI": "Continente",
        "NUTSII": "Norte",
        "NUTSIII": "Tâmega e Sousa",
        "PhoneNum": "225899550",
        "Email": "hju@hjurbano.min-saude.pt"
    },
    {
        "HospitalKey": "113",
        "HospitalId": 152,
        "HospitalName": "Hospital da Senhora da Oliveira Guimarães, EPE",
        "Description": "Centro Hospitalar do Alto Ave, EPE",
        "Address": "Rua dos Cutileiros 4835-044 Guimarães",
        "District": "Braga",
        "Latitude": 41.44225,
        "Longitude": -8.305083,
        "NUTSI": "Continente",
        "NUTSII": "Norte",
        "NUTSIII": "Cávado",
        "PhoneNum": "253540330",
        "Email": "geral@hospitaldeguimaraes.min-saude.pt"
    },
    {
        "HospitalKey": "114",
        "HospitalId": 580,
        "HospitalName": "Centro de Saúde de Albufeira (SUB - Centro Hospitalar do Algarve, EPE)",
        "Description": "Centro Hospitalar do Algarve, EPE",
        "Address": "Urbanização dos Caliços 8200-200 Albufeira",
        "District": "Faro",
        "Latitude": 37.100706,
        "Longitude": -8.252041,
        "NUTSI": "Continente",
        "NUTSII": "Algarve",
        "NUTSIII": "Algarve",
        "PhoneNum": "289598400",
        "Email": "administracao@chalgarve.min-saude.pt"
    },
    {
        "HospitalKey": "115",
        "HospitalId": 188,
        "HospitalName": "Hospital Dr. Francisco Zagalo - Ovar",
        "Description": "",
        "Address": "Av. Dr. Nunes da Silva 3880-113 Ovar",
        "District": "Aveiro",
        "Latitude": 40.859703,
        "Longitude": -8.625378,
        "NUTSI": "Continente",
        "NUTSII": "Centro",
        "NUTSIII": "Região de Aveiro",
        "PhoneNum": "256579200",
        "Email": "hfzovar@hovar.min-saude.pt"
    },
    {
        "HospitalKey": "116",
        "HospitalId": 187,
        "HospitalName": "Hospital Arcebispo João Crisóstomo - Cantanhede",
        "Description": "",
        "Address": "R. Padre Américo, Apartado 61 3061-909  Cantanhede",
        "District": "Coimbra",
        "Latitude": 40.34153149,
        "Longitude": -8.589109182,
        "NUTSI": "Continente",
        "NUTSII": "Centro",
        "NUTSIII": "Região de Coimbra",
        "PhoneNum": "231419210",
        "Email": "geral@hdcantanhede.min-saude.pt"
    }
]